- name: "**[Dr. Adam Frost](https://www.youtube.com/watch?v=JyAW7KRfSNE)**"
  image: /static/img/people/frost.jpg
  position: "**[Google Scholar Profile](https://scholar.google.com/citations?hl=en&user=QHQFeWwAAAAJ)**"
  email: occams.mustache (at) gmail.com
  cv: /static/pdf/AdamFrost-MasterCV-2017.08.04.pdf

- name: Raghav Kalia
  image: /static/img/people/kalia.jpg
  position: "**[Biological Chemistry](http://www.bioscience.utah.edu/biological-chemistry/)** <br> Graduate Student"
  email: raghav.kalia (at) biochem.utah.edu

- name: Dr. Mingyu Gu
  image: /static/img/people/gu.jpg
  position: "Postdoctoral Scholar <br> from the **[University of Utah](http://biologylabs.utah.edu/jorgensen/index.html)**"
  email: mingyu.gu (at) biochem.utah.edu

- name: Nathaniel Talledge
  image: /static/img/people/talledge.jpg
  position: "**[Biological Chemistry](http://www.bioscience.utah.edu/biological-chemistry/)** <br> Graduate Student"
  email: n.talledge (at) biochem.utah.edu

- name: Valentine Romanov
  image: /static/img/people/romanov.jpg
  position: "**[Mechanical Engineering](http://mech.utah.edu/academics/grads/current-students/) <br> Graduate Student ...and [noted artist](https://directorsblog.nih.gov/2016/09/29/snapshots-of-life-a-flare-for-the-dramatic/) <br> (Joint with [Dr. Bruce Gale](http://mech.utah.edu/faculty/bruce-gale/)**)"
  email: vromanovaus (at) gmail.com

- name: Lakshmi Miller-Vedam
  image: /static/img/people/millervedam.png
  position: "**[Biophysics](http://biophysics.ucsf.edu/)** Graduate Student"
  email: lmillervedam (at) gmail.com

- name: Lillian Kenner
  image: /static/img/people/kenner.png
  position: "**[Biophysics](http://biophysics.ucsf.edu/)** Graduate Student"
  email: lillian.kenner (at) ucsf.edu

- name: Dr. Henry Nguyen
  image: /static/img/people/nguyen.png
  position: "Postdoctoral Scholar <br> from **[Yale University](https://medicine.yale.edu/lab/xiong/)**"
  email: nguyen.henry.c (at) gmail.com

- name: Dr. Alexander Von Appen
  image: /static/img/people/vonappen.png
  position: "Postdoctoral Scholar <br> from **[EMBL](http://becklab.net/)**"
  email: alexandervonappen (at) gmx.de

- name: Isabel Johnson
  image: /static/img/people/johnson.png
  position: "**[Tetrad](http://tetrad.ucsf.edu/)** Graduate Student" 
  email: isabel.johnson93 (at) gmail.com
  
- name: Conor Howard
  image: /static/img/people/howard.png
  position: "**[Tetrad](http://tetrad.ucsf.edu/)** Graduate Student" 
  email: conor.howard (at) ucsf.edu

- name: Paul Thomas
  image: /static/img/people/thomas.png
  position: "**[Biophysics](http://biophysics.ucsf.edu/)** Graduate Student"
  email: paul.thomas (at) ucsf.edu

- name: Dr. Halil Aydin
  image: /static/img/people/aydin.png
  position: "Postdoctoral Scholar <br> from the **[University of Toronto](https://leelab-utoronto.com/)**"
  email: halil.aydin (at) ucsf.edu
  
- name: Dr. Ming Sun
  image: /static/img/people/sun.png
  position: "Postdoctoral Scholar <br> from **[Columbia University](http://franklab.cpmc.columbia.edu/franklab/)**"
  email: ming.sun (at) ucsf.edu

- name: Dr. Rachel Di Santo
  image: /static/img/people/DiSanto.jpg
  position: "Postdoctoral Scholar <br> from the **[University of Dundee](http://www.lifesci.dundee.ac.uk/groups/mike_stark/)**"
  email: rachel.disanto (at) ucsf.edu
